matchid,team,match_location,final_points_i,outcome,carries_i,metres_made_i,defenders_beaten_i,clean_breaks_i,offloads_i,passes_i,turnovers_conceded_i,turnovers_won_i,kicks_from_hand_i,kick_metres_i,scrums_won_i,rucks_won_i,lineout_throws_lost_i,lineout_throws_won_i,tackles_i,missed_tackles_i,penalties_conceded_i,scrum_pens_conceded_i,lineout_pens_conceded_i,general_play_pens_conceded_i,free_kicks_conceded_i,ruck_maul_tackle_pen_con_i,red_cards_i,yellow_cards_i,final_points_r,carries_r,metres_made_r,defenders_beaten_r,clean_breaks_r,offloads_r,passes_r,turnovers_conceded_r,turnovers_won_r,kicks_from_hand_r,kick_metres_r,scrums_won_r,rucks_won_r,lineout_throws_lost_r,lineout_throws_won_r,tackles_r,missed_tackles_r,penalties_conceded_r,scrum_pens_conceded_r,lineout_pens_conceded_r,general_play_pens_conceded_r,free_kicks_conceded_r,ruck_maul_tackle_pen_con_r,red_cards_r,yellow_cards_r
1,T14,away,24,loss,92,230,3,1,10,115,8,4,19,799,4,6,5,10,103,26,12,0,0,7,0,4,0,1,-5,-13,-181,-23,-3,-7,-17,-3,-2,-3,95,3,2,3,-3,-15,23,4,-1,0,3,0,3,-1,1
2,T10,home,20,loss,125,312,8,3,6,135,9,4,22,863,4,5,5,5,141,15,12,1,0,4,1,3,0,1,-22,-2,-97,-7,-3,-3,-37,3,-5,-7,-486,-1,3,3,-5,-32,8,2,1,0,2,1,-1,0,0
3,T1,away,15,loss,97,304,13,5,6,145,13,8,20,753,5,7,1,6,147,28,6,5,0,1,0,0,0,0,-30,-31,-319,-15,-4,-16,-29,-3,3,0,-33,-1,2,1,-3,34,15,-1,3,-1,-1,-1,-1,0,0
4,T2,home,22,win,147,431,21,4,20,144,10,5,25,935,7,13,1,17,48,16,10,0,0,1,0,1,0,0,4,89,190,5,-1,14,66,0,-2,1,-121,2,8,-2,7,-151,-5,-1,-2,0,-2,0,-1,0,0
5,T3,away,10,loss,74,275,11,3,7,103,11,2,25,816,8,7,2,9,92,19,11,1,0,5,0,2,0,0,-10,-27,-43,-8,-5,-2,-24,-7,-5,-1,-79,5,3,0,-5,13,8,2,-3,0,4,-1,1,0,0
6,T8,home,18,win,99,262,12,2,5,98,8,6,41,1501,7,6,3,10,211,9,9,0,0,5,1,3,0,0,5,-48,5,3,0,2,-39,-2,1,-1,-106,2,3,-1,0,78,-3,-2,-1,-2,3,-1,2,0,0
7,T8,away,20,win,147,335,23,3,7,152,6,7,27,748,3,7,2,16,190,20,11,0,0,2,0,3,0,0,10,-3,-9,3,-2,1,-33,-4,-2,7,91,2,-2,1,2,-22,-3,-4,0,0,0,0,-1,0,0
8,T6,home,6,loss,102,265,14,2,4,131,15,6,37,988,9,6,4,10,169,18,12,3,1,2,0,1,0,2,-1,-43,-211,-4,-3,-8,-43,-7,1,0,93,5,1,-1,-9,43,4,0,1,1,-2,-1,-1,0,2
9,T8,home,35,win,92,305,11,6,6,101,13,3,19,589,5,6,4,11,214,23,8,2,0,2,0,2,0,1,6,-73,7,-12,1,-2,-72,-1,-4,-6,-130,-6,-2,4,0,93,12,-1,2,0,1,0,0,0,0
10,T11,home,38,win,140,538,23,7,9,173,11,8,21,562,7,6,0,16,81,11,9,2,0,1,1,2,0,0,19,66,277,12,4,2,67,-1,0,1,-69,4,0,0,10,-82,-12,-4,-2,0,0,-1,0,0,0
11,T3,away,27,win,90,451,14,8,9,113,16,9,41,1784,7,5,1,8,103,15,10,4,0,3,1,1,0,0,14,3,99,-1,6,6,-21,-5,0,6,220,0,3,0,-5,8,1,2,2,-1,0,1,0,0,0
12,T15,home,13,loss,99,231,9,3,13,159,14,4,14,757,4,9,3,17,124,20,8,3,1,1,0,1,0,0,-30,-10,-180,-11,-4,5,61,1,-3,-15,-161,-3,5,3,5,35,11,-9,0,0,-2,-2,-6,0,0
13,T4,home,23,win,137,452,29,3,9,189,10,5,19,794,6,7,1,13,92,12,10,0,0,3,0,3,0,0,5,59,226,17,0,1,65,1,0,-6,-280,4,3,-1,0,-74,-17,-6,-3,0,-1,-1,-1,0,-2
14,T13,home,32,win,99,448,15,7,16,132,11,6,20,851,9,6,4,12,79,11,8,1,1,0,0,1,0,0,25,35,287,4,6,11,53,0,-6,0,-59,3,-1,4,-2,-16,-4,-8,-1,0,-3,0,-2,0,-1
15,T12,away,3,loss,124,375,17,4,14,133,15,5,23,1108,5,5,3,13,128,31,11,4,0,3,1,2,0,0,-28,-7,-243,-14,-2,0,-34,1,-3,-2,38,-1,-1,3,0,-20,14,-4,1,0,-2,0,-2,0,0
16,T5,home,29,win,134,313,19,5,7,146,13,8,20,718,3,5,1,11,85,22,9,2,0,3,0,4,1,1,3,52,-65,-3,-3,-7,40,-3,3,8,144,-7,2,-1,5,-89,3,-2,0,0,1,-1,-1,1,1
17,T5,away,27,win,118,372,23,5,13,157,12,6,20,708,7,10,0,18,73,8,8,1,0,1,0,2,0,0,17,46,222,15,4,2,63,-5,-4,4,49,-3,5,-2,9,-57,-15,-4,0,0,-3,0,-2,0,-1
18,T16,home,37,loss,106,338,12,8,7,103,19,8,18,640,3,7,3,8,64,16,7,2,0,1,0,2,0,0,-10,18,8,-4,-1,-10,-3,6,-2,-7,-303,-4,1,3,-1,-41,4,-5,1,0,-4,0,-1,0,0
19,T10,away,33,win,72,207,9,4,8,82,7,8,21,875,5,4,2,10,118,25,12,1,0,5,0,2,0,0,3,-40,-175,-16,0,-7,-29,-5,3,5,73,4,-2,1,-3,53,16,-1,0,0,4,0,1,0,-1
20,T15,home,35,win,124,398,16,5,13,172,10,7,31,955,10,4,0,15,140,18,11,2,0,3,1,2,0,0,25,-3,39,-2,4,3,8,-5,1,8,10,7,-5,-2,2,-9,2,3,1,-2,1,0,2,0,0
21,T15,away,41,win,97,431,14,7,21,120,16,8,29,950,5,5,2,13,136,30,9,0,0,3,0,2,0,0,17,-49,-51,-16,-2,-3,-61,-1,1,6,-8,2,2,-2,-4,64,16,3,-1,-1,1,0,1,0,0
22,T13,away,17,loss,71,270,6,2,1,90,14,7,27,762,7,1,3,8,189,20,10,4,0,3,2,3,0,2,-2,-81,-136,-14,-3,-12,-109,2,4,8,-53,0,-6,0,-4,95,14,6,2,0,3,2,3,0,2
23,T12,away,38,win,109,370,19,5,16,136,19,9,18,780,4,4,0,12,116,11,10,4,0,0,0,2,0,0,7,-2,46,8,1,9,-5,10,-3,-4,123,-4,-3,-2,5,9,-8,1,3,0,-2,0,0,0,0
24,T6,home,11,loss,99,466,11,5,14,178,16,13,20,731,8,8,1,14,104,20,12,3,0,2,1,0,0,0,-10,5,-23,-9,-1,6,53,-5,6,6,131,0,4,1,1,17,9,1,1,0,1,1,-2,0,0
25,T8,away,13,loss,181,432,18,3,17,219,12,5,21,592,2,12,1,18,96,8,13,5,0,1,1,3,0,0,-6,104,292,10,2,12,126,6,-5,-4,-238,-7,2,0,11,-137,-10,1,5,0,-2,1,-1,0,-1
26,T1,home,18,win,75,170,5,1,6,87,13,8,26,1249,8,6,2,17,153,12,7,2,0,0,1,0,0,1,4,-51,-262,-7,-5,-2,-91,-2,1,3,418,1,0,0,8,63,7,-10,-3,-2,-3,0,-3,0,0
27,T5,home,20,draw,141,459,30,4,6,185,12,6,28,711,7,4,2,14,69,18,11,2,0,0,1,2,0,0,0,70,192,12,0,-2,96,-2,0,7,-15,0,1,1,3,-114,-11,-2,0,0,-6,-1,-2,0,0
28,T10,away,19,loss,157,406,23,5,16,190,12,6,20,886,6,7,0,14,122,21,12,2,1,2,1,2,0,0,-28,54,-74,3,-2,9,61,-5,0,-3,-44,2,4,0,1,-71,-2,-2,-2,1,-3,-1,-1,0,0
29,T5,away,19,loss,118,392,16,3,6,126,13,7,26,714,7,7,0,14,64,10,13,3,0,4,1,2,0,0,-4,54,178,6,0,1,53,1,-3,2,-196,1,2,0,2,-90,-6,4,0,0,3,0,1,0,-1
30,T10,away,8,loss,71,274,8,4,9,111,10,2,11,473,7,7,3,6,157,29,15,4,0,4,0,1,0,0,-48,-64,-273,-21,-7,-3,-50,-2,-5,-8,-313,-2,4,3,-8,90,21,8,3,0,1,0,-1,0,-1
31,T2,away,29,loss,91,414,11,6,11,131,12,7,18,596,5,9,1,16,125,22,17,1,0,3,0,4,0,1,-8,-19,-54,-11,0,-4,-8,5,-1,3,-33,0,2,-3,5,23,11,3,-1,-1,1,-1,2,0,0
32,T7,away,31,win,121,381,17,6,5,145,9,10,22,773,6,2,3,9,177,19,14,3,0,5,1,6,0,2,16,-30,86,-2,3,-8,-31,-7,6,1,-22,2,-5,2,-4,38,2,5,1,0,4,1,5,0,2
33,T5,home,17,win,113,362,26,5,9,116,10,14,29,803,7,8,4,13,130,18,14,1,2,4,0,2,0,0,7,17,102,8,2,2,27,-6,8,10,90,4,0,2,0,9,-8,-3,-4,1,3,0,-1,0,0
34,T16,home,30,loss,112,382,25,4,15,111,12,5,16,802,1,6,1,13,65,9,13,1,0,1,0,1,0,1,-3,40,175,16,0,7,29,5,-3,-5,-73,-4,2,-1,3,-53,-16,1,0,0,-4,0,-1,0,1
35,T15,away,20,loss,110,307,18,5,5,132,12,7,26,841,5,11,0,9,172,27,18,3,0,7,0,1,0,2,-17,-26,-111,-9,0,-2,-1,-4,-2,-2,-172,-3,5,-1,-2,55,9,11,3,0,5,0,-1,0,2
36,T6,home,14,loss,100,290,17,4,3,154,16,4,19,559,5,11,0,7,197,25,17,3,3,0,1,2,0,0,-16,-54,-130,-8,-3,-8,-55,3,-7,-9,-235,1,7,-2,-12,70,8,10,2,2,-3,-1,1,0,0
37,T11,away,17,win,121,337,21,4,8,131,7,6,19,746,7,9,3,10,91,16,15,2,0,4,0,3,0,0,11,40,52,5,2,-9,4,-7,0,0,-65,3,0,0,-3,-53,-5,1,2,-1,1,-1,-3,0,0
38,T8,home,28,win,122,298,13,3,7,142,11,4,23,623,8,3,1,14,142,9,13,5,0,3,1,7,0,1,20,6,96,4,2,-1,32,-5,-2,5,-47,-3,-2,0,2,-8,-4,-1,2,-2,2,0,4,0,0
39,T16,away,10,loss,125,375,17,5,7,146,21,12,30,818,3,4,2,11,199,32,8,0,0,3,0,3,0,0,-16,-53,-79,-15,-2,-8,-99,5,6,3,-83,-3,-5,2,-8,50,15,0,-1,0,3,-1,2,0,0
40,T6,away,18,loss,78,226,12,3,8,124,9,5,25,1074,2,4,2,13,166,29,16,3,0,4,1,4,0,2,-5,-59,-226,-17,0,-1,-65,-1,0,6,280,-4,-3,1,0,74,17,6,3,0,1,1,1,0,2
41,T14,home,42,win,157,487,31,9,23,210,8,9,26,645,2,3,0,7,147,25,7,1,0,0,1,0,0,0,21,27,110,6,0,17,24,-4,5,10,66,-1,-1,-1,-7,-35,-6,1,1,0,-1,1,-1,0,0
42,T14,away,8,loss,64,201,3,2,1,45,9,10,28,931,3,2,1,8,139,13,19,1,1,2,1,2,0,2,-2,-67,-171,-10,-3,-11,-122,-1,6,6,181,-4,-3,-2,-12,59,10,5,0,1,-2,0,0,0,0
43,T12,away,10,loss,96,260,18,3,7,89,16,6,19,713,3,8,2,13,121,26,17,5,1,1,0,3,0,0,-7,-17,-102,-8,-2,-2,-27,6,-8,-10,-90,-4,0,-2,0,-9,8,3,4,-1,-3,0,1,0,0
44,T1,away,19,loss,90,247,14,4,12,116,13,8,23,898,5,10,1,12,138,15,10,0,0,4,0,1,0,0,-3,-52,-81,-1,-3,-7,-64,-4,1,-3,-14,1,2,-3,-1,33,1,-3,-3,-2,1,-2,1,0,0
45,T5,home,34,win,140,724,44,12,22,210,19,8,12,549,9,10,0,15,131,20,11,2,1,1,0,1,0,0,24,18,299,24,8,18,71,3,-3,-10,-69,1,4,0,6,15,-24,0,1,0,-2,0,1,0,0
46,T13,away,30,win,68,286,12,5,5,90,13,3,21,942,4,4,3,13,164,22,17,4,1,3,0,3,0,1,4,-49,-58,-9,-1,-3,-48,3,-2,1,136,-2,-8,2,-7,101,10,6,2,1,-1,0,2,0,0
47,T4,away,6,loss,88,261,13,1,9,78,12,9,23,752,10,8,4,8,132,15,16,2,0,5,0,2,0,2,-32,-25,-267,-2,-8,-8,-83,-8,0,6,47,7,3,2,-11,44,2,2,0,-2,2,-1,0,0,1
48,T1,home,27,win,128,258,27,1,3,171,8,4,23,1149,5,6,3,19,102,18,13,1,0,4,0,4,0,0,5,43,-149,9,-6,-8,78,-1,1,0,135,2,5,1,9,-63,-9,-3,-1,0,3,-1,0,0,-1
49,T2,away,22,loss,96,270,9,1,6,143,12,7,18,700,6,13,2,10,113,14,11,2,0,2,1,2,0,1,-29,8,-35,-5,-3,-2,44,-2,-1,-14,-397,3,9,-1,3,-2,5,0,-1,0,0,1,-2,0,1
50,T15,away,12,loss,92,269,12,1,9,135,12,8,15,716,9,3,4,11,118,30,12,3,0,3,0,3,0,1,-45,-34,-406,-18,-11,-12,12,-2,3,-4,-116,4,-1,2,1,21,18,4,1,0,3,-1,0,0,1
51,T15,away,49,win,154,407,18,7,17,169,10,9,24,955,8,3,2,13,78,17,6,1,0,2,0,2,0,0,35,60,86,1,3,6,42,-3,3,9,262,0,-5,-2,9,-74,-1,-7,0,-1,2,0,1,0,-2
52,T3,away,29,win,54,239,15,2,5,71,8,8,20,753,7,9,3,16,140,22,14,0,0,5,0,2,1,1,7,-79,-193,-7,-5,-15,-76,-9,0,10,369,4,4,1,6,93,7,2,-2,0,1,0,1,0,1
53,T12,away,29,win,94,355,22,4,8,97,14,8,24,853,4,9,0,14,123,7,16,3,1,3,2,2,0,0,10,-25,23,15,2,-4,-66,3,2,2,108,-3,4,-3,5,8,-15,2,2,0,-1,1,1,0,-1
54,T15,home,35,win,83,267,18,5,9,93,5,4,31,979,10,2,2,9,143,13,11,1,0,4,0,2,1,0,15,-48,-121,5,4,-10,-65,-7,0,4,57,7,-1,1,2,59,-5,-2,-3,0,0,-1,0,1,-2
55,T7,away,7,win,145,476,18,5,12,174,22,5,37,895,4,5,5,19,126,14,12,2,0,4,1,2,0,0,1,43,211,4,3,8,43,7,-1,0,-93,-5,-1,1,9,-43,-4,0,-1,-1,2,1,1,0,-2
56,T15,home,36,win,103,571,12,7,7,146,10,8,27,902,8,8,1,7,155,23,17,2,1,2,1,5,0,0,23,-14,221,-11,5,2,41,-9,4,9,8,6,2,-2,-8,58,11,5,0,1,-1,-1,3,0,-1
57,T16,away,38,win,71,331,19,4,7,85,11,10,21,868,5,6,2,10,121,17,14,2,1,0,1,2,0,1,12,-34,-67,2,-3,-10,-89,-4,3,6,134,-1,-2,0,-6,46,-2,2,0,1,-3,1,0,0,1
58,T6,away,3,loss,87,139,9,2,12,116,10,8,24,836,3,4,3,11,130,16,13,4,0,7,1,2,0,3,-48,-33,-310,-7,-6,6,-29,1,2,-9,-311,-4,-1,1,-3,44,7,8,4,0,7,1,1,0,3
59,T2,home,17,loss,110,293,21,4,13,145,14,7,17,788,7,4,4,15,162,21,13,5,0,3,2,3,0,1,-4,-19,-23,0,2,-2,-25,7,-1,-1,38,-2,-4,1,5,39,0,-6,0,-1,-2,1,-1,0,0
60,T4,away,12,loss,110,335,12,1,8,147,22,5,12,656,6,7,3,11,117,13,12,2,0,4,1,2,0,1,-28,14,107,-1,0,2,-8,12,-8,-16,-517,0,4,2,-5,-24,1,3,1,0,1,1,0,0,1
61,T13,home,40,win,99,506,19,9,15,128,19,6,20,790,5,4,4,16,50,10,5,2,0,2,1,0,0,0,37,58,393,9,9,15,88,7,-3,-4,-49,-9,-2,3,7,-39,-9,-8,-1,0,-2,0,-3,0,0
62,T16,away,13,loss,53,210,7,1,3,47,18,8,24,914,7,8,3,10,124,20,17,3,0,4,0,6,0,0,-8,-56,-138,-13,-2,-8,-95,-1,-2,4,76,0,1,1,-9,68,13,4,-3,0,2,0,6,0,0
63,T3,home,38,win,113,528,15,9,17,161,20,9,17,705,3,5,2,19,88,13,14,2,2,3,1,2,0,1,32,25,267,2,8,8,83,8,0,-6,-47,-7,-3,-2,11,-44,-2,-2,0,2,-2,1,0,0,-1
64,T1,away,19,loss,74,261,11,3,7,106,12,8,20,631,3,6,0,6,163,23,13,4,0,1,2,2,0,0,-19,-66,-277,-12,-4,-2,-67,1,0,-1,69,-4,0,0,-10,82,12,4,2,0,0,1,0,0,0
65,T7,home,47,win,103,480,20,7,7,129,17,6,23,930,4,3,0,13,193,23,14,4,0,5,2,3,0,0,28,-54,74,-3,2,-9,-61,5,0,3,44,-2,-4,0,-1,71,2,2,2,-1,3,1,1,0,0
66,T10,home,10,win,131,372,13,5,12,167,10,4,22,750,7,5,3,20,80,3,14,1,0,4,1,2,0,2,2,67,171,10,3,11,122,1,-6,-6,-181,4,3,2,12,-59,-10,-5,0,-1,2,0,0,0,0
67,T12,away,45,win,124,482,21,5,16,158,19,4,23,1156,8,4,4,17,90,11,7,4,0,1,1,1,0,1,38,56,230,10,3,13,72,7,-6,-3,72,0,-1,1,10,-58,-10,-6,1,-2,-1,0,1,0,1
68,T8,away,20,loss,116,393,15,4,6,154,8,4,31,1025,7,8,0,13,57,7,13,3,0,2,0,1,0,0,-3,60,203,8,2,0,68,0,-5,2,-104,2,2,-2,1,-68,-8,0,2,-1,0,0,-4,0,0
69,T10,away,21,win,129,316,21,2,15,170,7,8,18,750,9,8,3,10,123,21,19,5,1,5,1,4,0,1,4,19,23,0,-2,2,25,-7,1,1,-38,2,4,-1,-5,-39,0,6,0,1,2,-1,1,0,0
70,T12,home,29,win,76,214,4,4,4,93,11,3,24,822,8,4,4,18,103,13,14,2,0,7,0,2,0,1,12,-11,-56,-9,0,0,-52,0,1,4,-28,5,-4,3,1,0,9,-2,-2,-1,5,-3,0,0,0
71,T3,away,17,loss,97,251,12,1,4,96,15,9,26,1129,4,6,1,15,102,14,10,1,0,2,1,3,0,0,-6,-1,-74,-2,-3,-1,-16,5,-3,-5,-89,-3,1,-1,8,-12,2,-3,0,-1,0,1,1,0,0
72,T9,away,20,loss,131,388,13,1,19,158,12,4,27,922,3,3,1,7,84,18,13,4,0,4,1,2,0,2,-15,48,121,-5,-4,10,65,7,0,-4,-57,-7,1,-1,-2,-59,5,2,3,0,0,1,0,-1,2
73,T4,away,14,loss,126,341,24,3,9,167,20,8,24,607,8,7,0,14,164,25,7,3,0,2,1,2,0,1,-28,-8,-80,-1,-6,1,20,3,-2,-5,-2,0,-1,-1,5,2,1,1,0,0,1,0,2,0,0
74,T16,away,37,win,95,527,17,10,16,116,15,8,16,589,9,5,2,4,188,24,14,1,0,6,0,4,0,3,18,-63,-3,-7,4,-4,-71,-11,0,-3,-52,6,0,1,-10,111,7,4,-2,0,3,0,3,0,1
75,T6,away,3,loss,73,186,7,2,3,99,11,8,19,708,7,7,5,8,166,38,9,1,0,1,0,5,0,0,-61,-84,-574,-31,-14,-13,-136,-2,2,-4,-145,4,3,4,-9,76,31,0,1,-1,1,0,3,0,0
76,T2,home,17,loss,73,342,7,3,5,74,11,7,23,885,5,2,1,9,185,23,15,2,0,5,1,3,0,0,-44,-82,-242,-16,-6,-6,-154,1,0,-1,-284,1,-2,-1,-8,102,16,6,1,0,1,1,3,0,0
77,T13,away,32,win,98,473,24,9,18,146,14,9,32,1079,4,5,1,17,101,9,7,1,1,1,1,1,0,1,22,2,49,15,4,6,32,-6,1,8,246,-2,-1,-3,11,18,-15,-1,1,1,-2,1,-1,0,1
78,T16,home,10,loss,70,125,7,0,4,102,14,6,21,1040,7,5,3,17,85,15,12,1,2,2,1,3,0,0,-24,-23,-210,-8,-3,-9,16,2,0,-8,240,0,-1,3,1,6,8,-5,-3,2,-3,-1,2,0,-1
79,T8,home,48,win,123,481,18,8,10,169,14,9,25,775,5,1,0,15,126,10,9,3,0,2,2,0,0,0,36,5,156,8,4,-2,17,-3,5,7,178,-4,-3,-4,8,-22,-8,2,2,0,0,2,-1,0,-1
80,T11,home,40,win,96,228,13,1,6,155,10,13,28,1173,6,3,1,16,141,12,9,1,0,3,0,2,0,0,28,-14,-107,1,0,-2,8,-12,8,16,517,0,-4,-2,5,24,-1,-3,-1,0,-1,-1,0,0,-1
81,T16,away,13,loss,111,409,23,4,6,116,18,10,22,1037,5,4,1,14,144,17,9,2,0,2,1,4,0,0,-8,-30,-65,6,-2,-13,-104,2,2,-1,-19,0,-3,0,-2,17,-6,-4,-1,-1,1,1,1,0,0
82,T2,away,10,loss,107,266,13,3,17,127,15,8,17,739,6,8,0,13,105,25,15,1,1,4,0,5,0,1,-14,4,-132,-11,-4,5,0,2,-2,-2,-12,1,0,-3,-1,-30,12,2,-1,0,2,-1,4,0,1
83,T3,away,21,loss,152,436,30,5,12,188,14,5,19,665,6,14,2,11,102,22,7,0,0,3,0,1,0,0,-3,61,131,8,0,0,50,1,-4,-12,-194,0,11,1,-2,-94,-8,0,-2,0,1,0,0,0,0
84,T13,home,19,loss,158,530,24,6,20,187,26,8,19,641,3,5,1,14,77,17,10,3,0,3,0,1,0,2,-18,63,3,7,-4,4,71,11,0,3,52,-6,0,-1,10,-111,-7,-4,2,0,-3,0,-3,0,-1
85,T14,away,11,loss,105,210,9,1,3,126,7,7,28,1012,8,5,2,11,91,8,12,2,0,4,1,2,0,0,-2,23,-19,1,-1,-1,17,-9,4,2,50,4,-1,0,-4,-56,-1,4,1,0,2,1,1,0,-1
86,T16,home,15,win,87,244,9,4,10,98,9,8,33,1508,5,3,1,9,105,14,7,0,0,1,0,3,0,0,6,-13,-174,-5,2,-1,-37,-4,5,7,492,-1,-6,-1,-6,12,5,1,0,-1,0,0,3,0,-1
87,T4,home,7,loss,68,252,11,2,3,86,12,10,26,1084,8,5,3,7,148,21,13,3,2,2,1,0,0,0,-38,-56,-230,-10,-3,-13,-72,-7,6,3,-72,0,1,-1,-10,58,10,6,-1,2,1,0,-1,0,-1
88,T9,home,29,win,137,332,20,5,16,172,12,8,30,817,3,6,0,10,150,22,12,3,0,3,0,4,0,1,2,15,70,-2,3,9,34,3,3,13,281,1,-1,0,-4,-14,2,0,1,0,1,0,2,0,1
89,T8,home,17,loss,121,321,14,2,10,201,8,4,22,965,4,10,3,16,112,8,13,1,1,2,0,1,0,0,-7,22,23,6,0,3,68,0,-2,-7,-35,0,3,1,5,-17,-6,0,-1,0,-1,0,-1,0,-1
90,T1,home,13,loss,87,352,15,2,3,134,21,9,35,1564,7,2,1,13,95,14,8,2,1,3,0,1,0,0,-14,-3,-99,1,-6,-6,21,5,0,-6,-220,0,-3,0,5,-8,-1,-2,-2,1,0,-1,0,0,0
91,T5,away,17,loss,110,283,11,2,6,107,13,7,14,738,3,6,1,16,141,14,13,2,0,2,1,2,0,0,-13,7,-12,-3,-1,-2,-5,9,0,-6,-288,-3,1,-1,9,-27,3,0,1,-1,0,0,1,0,0
92,T1,home,31,loss,111,324,11,4,7,141,9,12,22,657,8,7,2,7,107,19,9,1,0,2,0,2,0,0,-7,2,-46,-8,-1,-9,5,-10,3,4,-123,4,3,2,-5,-9,8,-1,-3,0,2,0,0,0,0
93,T11,home,13,win,143,315,22,2,9,178,18,7,41,1607,11,3,1,12,117,10,7,2,2,1,4,1,0,0,10,49,16,12,2,3,61,0,-2,11,559,7,-2,-1,-4,-64,-12,-4,-2,2,-2,3,0,0,-1
94,T7,away,45,win,121,532,35,10,11,127,13,6,22,1179,10,4,5,12,106,7,8,2,0,2,1,1,0,1,37,31,291,28,8,4,-8,-5,1,1,335,2,1,3,3,-32,-28,-4,-5,0,-1,-1,0,-1,1
95,T6,away,35,win,122,355,24,5,6,136,13,9,25,716,8,4,2,7,181,20,14,2,0,4,0,5,0,1,13,-25,-69,4,0,-8,-27,-5,3,9,96,3,-4,2,-7,30,-4,3,-1,0,2,-1,1,0,1
96,T1,away,13,loss,76,265,8,7,13,132,15,7,21,814,11,6,1,10,85,28,10,1,1,2,1,0,0,0,-16,-21,-228,-20,-3,-11,18,-2,-2,2,-119,2,0,-1,2,1,20,-2,0,1,-2,0,-2,0,-2
97,T13,home,55,win,125,658,40,11,14,175,14,3,26,1012,8,4,0,13,59,9,7,0,0,1,0,3,0,0,48,76,536,31,9,11,119,3,-6,5,44,4,1,-3,-1,-75,-31,0,-3,0,-1,-1,1,-1,0
98,T15,away,15,loss,83,280,12,3,7,112,12,8,19,576,10,5,2,6,143,32,14,5,0,0,0,2,0,1,-35,-68,-348,-20,-8,-13,-94,-8,2,0,-30,4,0,2,-7,55,20,7,2,-1,0,-1,1,0,1
99,T4,home,14,loss,98,424,9,2,7,124,14,7,18,810,5,7,6,10,84,25,16,1,1,2,1,3,0,1,-25,5,-10,-16,-5,-6,15,-1,-5,-10,-190,2,3,1,-1,-35,16,2,-4,0,1,-2,2,0,1
100,T5,home,24,win,103,398,24,7,12,127,13,10,19,751,5,8,3,14,135,13,13,2,1,2,1,1,0,0,14,-4,132,11,4,-5,0,-2,2,2,12,-1,0,3,1,30,-12,-2,1,0,-2,1,-4,0,-1
101,T7,home,31,win,131,618,31,6,14,167,14,8,25,1070,6,6,0,13,148,17,15,3,0,5,1,4,0,0,28,7,243,14,2,0,34,-1,3,2,-38,1,1,-3,0,20,-14,4,-1,0,2,0,2,0,0
102,T8,home,27,win,160,354,17,5,10,211,12,9,21,549,5,5,1,10,149,13,6,1,1,2,0,1,0,1,12,31,44,4,0,0,55,-1,3,7,189,-1,-2,1,3,-62,-4,-6,1,1,-1,0,-2,0,1
103,T4,home,26,loss,105,398,17,7,17,174,15,7,15,734,6,8,2,16,75,19,12,2,0,3,0,2,0,0,-12,34,67,-2,3,10,89,4,-3,-6,-134,1,2,0,6,-46,2,-2,0,-1,3,-1,0,0,-1
104,T6,away,20,loss,91,345,11,5,9,132,13,4,21,716,4,8,3,14,118,18,10,2,0,0,0,0,0,0,-35,-15,-118,-7,1,-3,8,2,-2,-5,-263,-2,5,3,-2,31,7,0,0,0,-3,-1,-1,0,0
105,T9,home,14,loss,94,321,17,4,11,127,13,6,15,693,8,8,4,4,152,18,13,1,1,0,0,1,0,2,-35,-60,-86,-1,-3,-6,-42,3,-3,-9,-262,0,5,2,-9,74,1,7,0,1,-2,0,-1,0,2
106,T9,away,10,loss,122,425,20,4,4,139,16,11,22,618,8,6,0,9,116,44,11,1,1,3,0,0,0,0,-24,-18,-299,-24,-8,-18,-71,-3,3,10,69,-1,-4,0,-6,-15,24,0,-1,0,2,0,-1,0,0
107,T4,home,24,loss,146,482,30,9,24,181,17,7,23,958,3,3,4,17,72,14,6,1,1,2,0,1,0,0,-17,49,51,16,2,3,61,1,-1,-6,8,-2,-2,2,4,-64,-16,-3,1,1,-1,0,-1,0,0
108,T12,home,21,win,109,348,20,3,11,142,19,10,20,838,7,7,2,19,56,7,13,6,0,2,0,0,0,0,8,56,138,13,2,8,95,1,2,-4,-76,0,-1,-1,9,-68,-13,-4,3,0,-2,0,-6,0,0
109,T8,home,26,win,178,454,32,7,15,245,16,6,27,901,6,9,0,19,149,17,8,1,0,0,1,1,0,0,16,53,79,15,2,8,99,-5,-6,-3,83,3,5,-2,8,-50,-15,0,1,0,-3,1,-2,0,0
110,T5,away,27,loss,93,409,15,5,9,111,16,10,25,670,8,5,1,12,142,18,13,3,0,3,0,3,0,0,-1,-24,52,-3,2,5,-16,0,7,1,-99,3,0,-1,-2,56,3,0,-1,0,-1,0,1,0,-1
111,T3,away,47,win,88,330,16,9,17,106,13,10,25,943,7,6,0,9,105,12,12,1,0,5,0,3,0,0,10,-18,-8,4,1,10,3,-6,2,7,303,4,-1,-3,1,41,-4,5,-1,0,4,0,1,0,0
112,T9,away,12,loss,118,325,10,4,12,152,17,4,18,597,9,4,4,7,148,18,7,1,0,2,0,1,0,1,-36,-5,-156,-8,-4,2,-17,3,-5,-7,-178,4,3,4,-8,22,8,-2,-2,0,0,-2,1,0,1
113,T9,home,19,loss,119,332,7,2,12,163,11,6,22,745,7,5,3,9,115,22,14,1,1,4,1,1,0,1,-10,25,-23,-15,-2,4,66,-3,-2,-2,-108,3,-4,3,-5,-8,15,-2,-2,0,1,-1,-1,0,1
114,T11,away,28,loss,111,421,18,2,4,164,14,7,20,695,7,6,3,8,134,14,9,1,1,1,0,0,0,1,-4,2,83,4,-3,-9,38,1,-2,-1,-63,-2,4,-2,2,2,-4,3,-1,1,0,-1,-1,0,1
115,T13,home,29,win,97,493,28,10,24,114,17,9,19,933,9,6,2,8,84,8,12,1,0,4,1,2,0,2,16,21,228,20,3,11,-18,2,2,-2,119,-2,0,1,-2,-1,-20,2,0,-1,2,0,2,0,2
116,T6,home,23,loss,117,309,9,2,4,146,11,6,40,1190,4,6,5,14,120,11,12,3,0,2,1,4,0,1,-4,15,-84,-2,-3,-2,6,-3,0,1,125,1,2,4,2,-29,2,0,0,0,-1,0,0,0,0
117,T7,home,26,win,123,347,18,3,5,152,13,4,17,626,7,5,3,12,152,22,9,2,0,2,1,4,0,0,19,0,71,-4,0,-4,12,1,-1,-6,135,-2,3,2,3,20,4,-2,1,0,-1,1,-2,0,-1
118,T2,home,28,win,117,357,18,3,4,127,16,3,24,769,5,5,2,14,86,15,13,4,0,4,0,2,0,1,1,24,-52,3,-2,-5,16,0,-7,-1,99,-3,0,1,2,-56,-3,0,1,0,1,0,-1,0,1
119,T9,home,42,win,134,421,25,9,8,147,17,10,29,609,8,8,1,9,162,24,6,3,0,1,1,0,0,1,28,8,80,1,6,-1,-20,-3,2,5,2,0,1,1,-5,-2,-1,-1,0,0,-1,0,-2,0,0
120,T6,away,29,loss,148,422,20,5,9,189,12,11,13,573,4,8,0,14,120,9,18,6,0,3,1,2,0,0,-2,55,128,11,0,5,102,3,4,-2,-124,-3,0,0,0,-55,-11,4,5,0,1,1,1,-1,-1
121,T3,away,29,win,115,386,27,7,15,150,20,3,28,980,7,6,3,12,112,20,6,1,0,1,1,0,0,1,22,20,132,7,4,10,12,10,-3,-2,-272,-4,1,3,2,-20,-7,-4,1,0,1,1,0,0,0
122,T14,home,20,win,140,374,17,3,7,107,12,9,31,717,9,6,4,13,75,17,9,0,0,1,0,5,0,0,2,68,113,0,1,5,27,-3,3,10,-181,3,-2,1,5,-103,0,-6,-2,0,-4,-1,1,0,-1
123,T11,away,29,loss,165,298,23,5,8,173,14,7,25,719,11,8,0,11,121,11,9,0,0,1,0,2,0,1,-6,73,-7,12,-1,2,72,1,4,6,130,6,2,-4,0,-93,-12,1,-2,0,-1,0,0,0,0
124,T15,away,15,loss,129,310,13,5,10,156,13,6,14,360,6,7,0,7,211,17,12,0,0,3,0,3,0,0,-12,-31,-44,-4,0,0,-55,1,-3,-7,-189,1,2,-1,-3,62,4,6,-1,-1,1,0,2,0,-1
125,T9,away,21,loss,130,377,25,9,6,186,12,4,16,579,3,4,1,14,182,31,6,0,0,1,0,1,0,0,-21,-27,-110,-6,0,-17,-24,4,-5,-10,-66,1,1,1,7,35,6,-1,-1,0,1,-1,1,0,0
126,T3,home,30,win,69,350,9,6,3,79,16,6,24,937,8,9,2,10,63,6,11,0,2,0,1,3,0,0,14,2,105,3,1,-3,-30,-4,-1,4,259,4,3,0,-3,-6,-3,-4,-6,2,-3,1,0,0,-1
127,T4,away,22,loss,85,407,18,7,11,93,9,3,23,1014,3,1,2,10,165,27,16,2,0,1,1,4,0,1,-5,-43,149,-9,6,8,-78,1,-1,0,-135,-2,-5,-1,-9,63,9,3,1,0,-3,1,0,0,1
128,T5,home,28,win,104,389,18,7,8,124,5,9,29,788,3,4,0,12,167,17,11,1,1,2,1,3,0,0,17,-23,28,1,4,-2,-56,-8,3,15,247,1,-2,0,1,34,-1,-2,0,1,-2,1,1,0,-1
129,T3,home,5,loss,86,169,7,0,3,92,15,7,38,1395,7,0,1,9,62,12,7,2,0,3,1,2,0,1,-16,31,-9,-5,-2,1,55,3,2,-2,-47,-2,-3,-3,-2,-76,5,-4,-1,-1,0,0,2,0,0
130,T10,away,21,loss,88,330,23,5,42,107,17,8,19,863,5,5,4,15,131,23,9,0,0,2,0,3,0,2,-12,-61,-188,0,-4,-19,-76,1,1,-7,-137,-3,2,4,5,59,0,-4,-4,0,-2,-1,0,0,1
131,T5,away,7,loss,123,276,22,3,9,140,12,5,23,491,9,2,1,9,132,18,11,1,0,3,0,6,0,1,-19,0,-71,4,0,4,-12,-1,1,6,-135,2,-3,-2,-3,-20,-4,2,-1,0,1,-1,2,0,1
132,T11,away,10,loss,127,359,18,1,10,164,15,6,23,945,3,9,2,13,149,16,8,1,2,2,1,0,0,0,-25,3,-39,2,-4,-3,-8,5,-1,-8,-10,-7,5,2,-2,9,-2,-3,-1,2,-1,0,-2,0,0
133,T8,away,36,win,144,407,28,7,14,207,14,6,18,569,14,4,1,20,85,9,7,0,0,1,0,1,0,0,33,64,189,19,5,5,109,-1,0,-2,37,12,0,1,10,-60,-19,-12,-7,-1,-3,-2,-2,0,-2
134,T13,home,19,win,86,364,25,7,12,122,10,10,34,1077,8,7,3,9,134,21,8,1,0,3,0,2,0,1,2,-24,-20,4,2,0,19,-11,6,6,137,1,-2,1,-6,47,-4,0,-1,0,1,-1,2,0,1
135,T14,home,34,win,114,257,17,1,9,103,13,3,26,979,4,5,1,12,106,24,11,1,0,2,0,2,0,0,16,-3,-164,-7,-5,-13,-33,2,-2,14,454,-1,-6,-3,-3,-14,7,-1,0,-2,-1,0,1,0,-1
136,T14,away,10,loss,77,239,10,0,6,118,16,8,28,941,3,2,1,14,119,16,14,5,0,3,1,3,0,0,-8,-19,75,-6,-2,2,22,10,3,3,-264,-6,-9,-3,4,47,6,3,4,-1,0,1,1,0,0
137,T6,away,38,win,129,404,25,9,6,159,7,5,30,1145,10,7,0,8,150,5,16,1,2,3,0,2,0,1,11,6,41,20,2,-1,23,-11,-3,6,-26,7,1,-4,-7,1,-20,8,1,1,1,-1,-1,0,-2
138,T12,home,46,win,145,393,9,4,15,156,12,5,15,674,4,10,1,14,45,12,13,2,2,4,0,1,0,0,17,90,177,-3,1,9,79,0,-3,-4,-26,4,5,0,3,-99,3,-1,-1,1,-1,-1,0,-1,0
139,T14,away,25,loss,179,384,22,2,21,238,12,6,26,862,3,5,0,12,103,28,10,1,0,2,1,2,0,1,-10,85,65,-6,-5,18,107,1,1,-1,-238,-3,4,-2,0,-103,6,1,0,0,2,0,0,0,0
140,T13,home,20,win,80,272,25,4,8,118,11,4,22,869,6,1,3,13,86,11,12,1,2,4,0,3,0,0,7,2,85,14,3,-3,28,-1,-2,-5,34,1,-4,1,-4,-1,-14,-6,-4,-1,3,-1,2,0,-2
141,T9,away,20,loss,98,248,8,1,9,134,11,4,16,643,6,6,1,16,111,10,12,1,1,5,0,2,0,1,-17,-4,-59,-2,-1,0,-16,2,-2,-5,-305,4,3,-1,3,0,2,-1,-2,0,4,-3,1,0,1
142,T2,away,13,draw,63,290,4,3,6,86,15,4,50,1660,5,5,4,18,133,15,12,2,0,3,1,0,0,0,0,-53,-43,-11,2,1,-62,-2,2,3,172,-7,-2,1,7,68,11,0,1,-1,2,0,0,-1,0
143,T16,away,13,loss,117,350,23,2,5,105,19,4,18,894,2,6,3,15,97,12,12,2,0,3,2,2,0,1,-23,14,-221,11,-5,-2,-41,9,-4,-9,-8,-6,-2,2,8,-58,-11,-5,0,-1,1,1,-3,0,1
144,T10,home,19,win,152,406,20,5,13,199,12,3,19,815,7,7,3,12,94,6,4,2,0,0,0,0,0,0,2,81,136,14,3,12,109,-2,-4,-8,53,0,6,0,4,-95,-14,-6,-2,0,-3,-2,-3,0,-2
145,T1,away,27,win,102,393,11,5,6,140,14,6,39,1065,3,4,1,12,149,9,12,3,0,3,1,4,0,1,4,-15,84,2,3,2,-6,3,0,-1,-125,-1,-2,-4,-2,29,-2,0,0,0,1,0,0,0,0
146,T4,away,20,loss,112,389,22,5,9,169,15,4,20,659,11,3,5,13,118,13,9,2,1,0,0,1,0,0,-2,18,35,9,-3,1,47,4,-4,0,-119,4,-5,4,-3,-19,-9,-2,-1,1,-1,-2,-1,0,0
147,T13,away,24,win,118,299,18,2,10,109,17,5,42,1105,6,3,0,9,122,12,5,2,0,1,1,4,0,1,14,10,11,6,-2,1,-29,7,3,4,168,-3,1,-1,0,-26,-6,-8,-2,0,-2,0,0,0,1
148,T4,home,3,loss,80,218,9,2,9,98,15,6,20,532,2,4,0,10,145,28,19,7,1,4,2,3,0,2,-33,-64,-189,-19,-5,-5,-109,1,0,2,-37,-12,0,-1,-10,60,19,12,7,1,3,2,2,0,2
149,T2,away,8,loss,116,202,9,1,8,110,16,6,18,670,11,5,1,12,150,13,14,3,2,1,1,3,0,1,-20,-6,-96,-4,-2,1,-32,5,2,-5,47,3,2,0,-2,8,4,1,-2,2,-2,0,-4,0,0
150,T4,away,7,loss,49,122,9,2,3,56,11,9,21,968,4,3,3,14,134,40,7,3,0,2,1,2,1,0,-48,-76,-536,-31,-9,-11,-119,-3,6,-5,-44,-4,-1,3,1,75,31,0,3,0,1,1,-1,1,0
151,T1,home,50,win,113,407,19,4,12,167,15,7,32,976,3,4,0,10,118,15,9,1,0,2,0,2,0,0,19,6,57,4,0,4,18,0,3,7,-31,-2,-4,-5,-2,-16,-4,-2,-2,0,0,0,0,0,-1
152,T3,away,24,loss,77,222,4,0,5,85,15,8,18,713,5,3,6,12,116,15,10,1,0,3,0,4,0,1,-11,-44,-204,-11,-7,-19,-70,4,3,-4,44,-1,-1,4,1,19,11,-3,-1,-1,0,0,0,0,0
153,T1,away,7,loss,87,270,13,2,5,129,13,6,20,1109,4,3,4,13,175,12,14,5,1,3,2,4,0,1,-22,-68,-292,1,-1,-8,-28,-2,3,-4,64,-1,-2,4,-4,64,-1,1,2,0,0,1,3,0,1
154,T8,away,12,win,95,270,10,1,7,89,11,6,28,1199,9,8,10,9,140,10,7,1,0,0,1,0,0,0,12,-26,50,0,1,2,-72,-4,-3,-5,135,1,2,5,0,14,0,-9,-4,0,-1,0,-3,0,-1
155,T5,away,20,loss,129,311,19,3,4,161,14,5,19,915,5,6,2,14,74,12,11,1,0,1,0,4,0,0,-14,52,53,7,-1,-3,63,3,-4,0,-83,0,4,1,4,-109,-7,-3,0,0,-4,0,1,0,0
156,T15,home,23,loss,115,354,6,2,6,131,10,6,30,1167,4,4,3,15,114,11,10,1,3,2,0,0,0,0,-6,13,-13,-5,0,-1,13,-1,3,2,-23,-5,-6,1,4,-52,5,-5,0,3,-2,0,-2,-1,-1
157,T10,home,36,win,127,541,12,7,11,135,14,14,17,644,6,7,4,10,129,22,17,1,0,7,1,8,0,1,25,28,241,-10,5,5,14,-2,4,-3,-175,3,-2,1,-6,-2,10,5,-1,0,4,1,7,0,0
158,T16,home,37,win,102,307,10,2,9,150,9,6,21,948,2,3,2,13,111,8,13,3,1,1,3,1,0,0,17,4,59,2,1,0,16,-2,2,5,305,-4,-3,1,-3,0,-2,1,2,0,-4,3,-1,0,-1
159,T15,home,27,loss,123,363,5,7,7,136,18,8,24,1171,3,6,4,15,149,25,8,0,1,2,1,3,0,3,-11,-6,-41,-20,-2,1,-23,11,3,-6,26,-7,-1,4,7,-1,20,-8,-1,-1,-1,1,1,0,2
160,T8,away,13,loss,97,187,9,0,1,118,9,7,23,654,5,8,3,17,224,14,9,0,0,4,0,3,0,1,-5,-51,-117,-5,-1,-6,-22,-6,0,-5,-158,1,5,3,8,103,5,-3,-3,0,1,-2,-2,-1,1
161,T13,home,23,win,56,190,7,2,6,86,8,9,29,1129,5,6,2,12,125,15,13,1,1,2,0,5,0,0,3,-60,-203,-8,-2,0,-68,0,5,-2,104,-2,-2,2,-1,68,8,0,-2,1,0,0,4,0,0
162,T13,away,20,draw,71,267,18,4,8,89,14,6,21,726,7,3,1,11,183,29,13,2,0,6,2,4,0,0,0,-70,-192,-12,0,2,-96,2,0,-7,15,0,-1,-1,-3,114,11,2,0,0,6,1,2,0,0
163,T13,home,20,win,101,318,19,8,9,127,18,7,26,895,3,4,2,14,79,11,9,4,0,1,1,1,0,0,10,27,43,8,5,2,24,7,5,1,79,-5,-3,0,5,-13,-8,-2,3,0,-4,1,-1,0,0
164,T1,away,29,win,90,371,16,3,13,109,8,6,28,1127,5,2,5,13,132,28,12,0,1,4,0,4,0,2,3,-38,-168,-12,-5,2,-64,-9,3,3,139,0,-4,5,0,59,12,2,-1,0,2,0,4,0,2
165,T12,away,17,loss,110,384,21,5,12,103,21,4,28,940,7,9,2,15,87,25,8,2,0,2,1,0,0,0,-2,24,20,-4,-2,0,-19,11,-6,-6,-137,-1,2,-1,6,-47,4,0,1,0,-1,1,-2,0,-1
166,T16,home,37,win,110,468,22,6,15,139,7,8,15,629,5,7,4,11,102,11,14,2,1,2,1,2,0,1,8,19,54,11,0,4,8,-5,1,-3,33,0,-2,3,-5,-23,-11,-3,1,1,-1,1,-2,0,0
167,T9,away,21,loss,103,275,10,2,6,130,13,5,24,778,6,6,2,10,78,15,7,1,0,0,0,0,0,0,-48,9,-300,-5,-9,-9,-6,1,0,-6,-229,3,5,1,-5,-36,5,-5,0,-1,-2,-2,-2,0,0
168,T4,home,6,loss,81,285,16,2,17,127,14,6,19,811,4,9,3,13,144,21,14,0,1,3,1,6,0,0,-11,-40,-52,-5,-2,9,-4,7,0,0,65,-3,0,0,3,53,5,-1,-2,1,-1,1,3,0,0
169,T16,home,23,win,88,285,16,5,8,119,11,8,20,995,4,7,2,13,147,9,6,2,0,1,0,0,0,0,2,-54,-19,7,4,-15,-50,1,1,2,328,0,-1,1,4,48,-7,-6,-1,0,-1,0,-1,0,0
170,T14,home,64,win,157,760,38,16,16,235,13,6,23,853,3,4,1,17,90,7,9,0,1,0,0,2,0,0,61,84,574,31,14,13,136,2,-2,4,145,-4,-3,-4,9,-76,-31,0,-1,1,-1,0,-3,0,0
171,T5,home,56,win,135,547,29,11,12,161,12,7,19,786,9,3,0,14,67,8,7,1,0,3,0,2,0,1,48,64,273,21,7,3,50,2,5,8,313,2,-4,-3,8,-90,-21,-8,-3,0,-1,0,1,0,1
172,T2,away,28,loss,148,458,14,6,10,185,16,4,34,1266,5,5,2,18,83,14,9,2,0,2,1,0,0,0,-6,52,128,0,0,5,72,4,-5,-12,-407,-2,1,0,8,-74,0,1,2,0,-4,1,-3,0,0
173,T16,home,10,loss,96,424,9,5,12,114,20,8,24,833,6,6,4,6,83,24,8,0,0,3,0,2,0,0,-22,-2,-49,-15,-4,-6,-32,6,-1,-8,-246,2,1,3,-11,-18,15,1,-1,-1,2,-1,1,0,-1
174,T3,home,37,win,136,418,27,5,7,133,16,9,28,1013,8,6,1,11,117,18,7,0,0,2,0,2,0,0,17,26,111,9,0,2,1,4,2,2,172,3,-5,1,2,-55,-9,-11,-3,0,-5,0,1,0,-2
175,T13,away,18,loss,117,421,24,6,22,136,11,5,12,525,5,11,4,15,120,17,12,1,2,3,0,1,0,1,-16,3,164,7,5,13,33,-2,2,-14,-454,1,6,3,3,14,-7,1,0,2,1,0,-1,0,1
176,T9,home,23,win,98,325,14,4,5,112,10,12,31,1218,7,5,2,7,114,12,13,1,1,2,0,2,0,0,6,1,74,2,3,1,16,-5,3,5,89,3,-1,1,-8,12,-2,3,0,1,0,-1,-1,0,0
177,T2,away,3,loss,94,299,10,0,6,117,18,9,30,1048,4,5,2,16,181,22,11,4,0,3,1,1,0,1,-10,-49,-16,-12,-2,-3,-61,0,2,-11,-559,-7,2,1,4,64,12,4,2,-2,2,-3,0,0,1
178,T12,home,55,win,106,463,18,4,12,124,11,6,26,979,6,3,0,16,87,11,10,2,0,3,1,1,0,0,35,15,118,7,-1,3,-8,-2,2,5,263,2,-5,-3,2,-31,-7,0,0,0,3,1,1,0,0
179,T14,home,18,win,148,304,14,1,7,140,15,7,28,812,4,3,0,9,121,9,12,3,0,3,2,5,1,0,5,51,117,5,1,6,22,6,0,5,158,-1,-5,-3,-8,-103,-5,3,3,0,-1,2,2,1,-1
180,T15,away,22,loss,106,371,13,8,41,128,20,10,14,584,9,6,5,16,137,32,7,2,1,1,1,0,0,0,-4,-12,-28,-19,0,17,-13,7,1,-7,59,1,-4,4,9,37,19,-12,0,-1,0,0,-2,0,0
181,T4,home,10,loss,72,150,8,1,11,94,17,10,16,659,10,5,2,9,130,23,12,1,0,4,0,4,0,1,-17,-46,-222,-15,-4,-2,-63,5,4,-4,-49,3,-5,2,-9,57,15,4,0,0,3,0,2,0,1
182,T12,away,7,loss,142,408,19,6,15,151,18,5,27,921,3,6,2,12,170,27,11,1,0,2,0,2,0,0,-27,-10,-164,-8,-2,-2,-26,4,-3,-4,-49,-4,-1,0,-2,5,8,2,-1,-1,0,-2,2,0,0
183,T14,away,43,win,109,411,20,7,8,98,13,7,29,918,7,4,0,12,89,9,17,3,1,3,2,7,0,0,30,10,180,11,4,-5,-61,-1,3,15,161,3,-5,-3,-5,-35,-11,9,0,0,2,2,6,0,0
184,T11,home,15,loss,151,295,19,3,13,176,16,4,21,795,4,7,1,13,139,17,9,2,0,1,0,1,0,0,-16,30,-86,2,-3,8,31,7,-6,-1,22,-2,5,-2,4,-38,-2,-5,-1,0,-4,-1,-5,0,-2
185,T3,home,28,win,71,457,16,6,8,70,13,1,23,922,5,3,2,12,111,10,16,4,0,5,1,2,0,1,5,-12,289,6,4,4,-13,1,-3,-8,-457,-2,3,-1,3,49,-6,3,2,-2,1,1,0,0,-1
186,T8,home,24,win,91,305,22,5,12,138,13,9,31,859,6,3,1,13,196,30,7,2,0,2,0,1,0,0,3,-61,-131,-8,0,0,-50,-1,4,12,194,0,-11,-1,2,94,8,0,2,0,-1,0,0,0,0
187,T7,away,27,loss,122,262,22,2,7,138,9,5,17,536,2,7,0,14,164,20,12,2,0,2,0,2,0,0,-2,-15,-70,2,-3,-9,-34,-3,-3,-13,-281,-1,1,0,4,14,-2,0,-1,0,-1,0,-2,0,-1
188,T12,away,16,loss,67,245,6,5,6,109,20,7,20,678,4,6,2,13,69,9,15,6,0,3,0,3,0,1,-14,-2,-105,-3,-1,3,30,4,1,-4,-259,-4,-3,0,3,6,3,4,6,-2,3,-1,0,0,1
189,T9,away,3,loss,41,113,10,0,0,40,12,9,24,839,14,6,1,9,89,19,13,3,0,4,1,3,0,0,-37,-58,-393,-9,-9,-15,-88,-7,3,4,49,9,2,-3,-7,39,9,8,1,0,2,0,3,0,0
190,T3,home,22,draw,63,251,12,4,6,62,12,2,22,558,7,4,1,10,74,17,15,1,0,5,0,3,0,4,0,-4,75,-4,1,-3,-29,0,-3,5,5,3,-1,-1,-1,17,5,-3,-4,-2,-1,-1,0,0,3
191,T7,away,34,win,134,328,7,3,6,198,6,6,29,1253,5,2,1,12,154,8,11,0,0,6,0,4,0,0,15,22,67,-1,2,0,61,-6,3,3,279,0,-2,0,8,-37,1,3,0,0,2,0,-1,0,0
192,T11,away,7,loss,64,161,11,1,5,79,11,12,20,910,6,7,0,14,95,15,16,2,1,3,0,3,0,1,-25,-35,-287,-4,-6,-11,-53,0,6,0,59,-3,1,-4,2,16,4,8,1,0,3,0,2,0,1
193,T8,away,11,loss,99,300,22,2,6,121,16,10,20,819,3,9,3,16,131,12,12,2,0,3,0,1,0,1,-25,-28,-241,10,-5,-5,-14,2,-4,3,175,-3,2,-1,6,2,-10,-5,1,0,-4,-1,-7,0,0
194,T6,home,19,loss,152,331,16,3,12,189,14,2,19,798,9,4,1,13,93,10,7,2,0,0,0,0,0,0,-19,77,4,6,-6,3,77,1,-4,-1,45,3,0,-2,1,-106,-6,-6,1,0,-5,0,-4,0,-1
195,T9,away,14,loss,126,432,12,6,8,178,15,7,23,831,7,6,2,9,90,5,17,5,2,3,1,3,0,1,-4,51,262,7,5,2,91,2,-1,-3,-418,-1,0,0,-8,-63,-7,10,3,2,3,0,3,0,0
196,T6,home,13,draw,116,333,15,1,5,148,17,2,47,1488,12,7,3,11,65,4,12,1,1,1,1,0,1,0,0,53,43,11,-2,-1,62,2,-2,-3,-172,7,2,-1,-7,-68,-11,0,-1,1,-2,0,0,1,0
197,T12,home,29,win,105,411,26,4,17,132,11,6,22,704,1,4,2,13,118,3,8,1,0,4,0,1,1,0,5,13,181,23,3,7,17,3,2,3,-95,-3,-2,-3,3,15,-23,-4,1,0,-3,0,-3,1,-1
198,T5,home,26,win,118,399,32,8,24,141,13,9,21,525,8,10,1,7,100,13,19,2,2,1,1,2,0,0,4,12,28,19,0,-17,13,-7,-1,7,-59,-1,4,-4,-9,-37,-19,12,0,1,0,0,2,0,0
199,T11,away,42,win,127,409,15,6,9,172,6,9,29,1349,5,2,2,10,173,7,10,0,0,2,0,4,0,1,22,2,97,7,3,3,37,-3,5,7,486,1,-3,-3,5,32,-8,-2,-1,0,-2,-1,1,0,0
200,T10,away,29,win,102,367,11,2,7,118,11,3,28,1190,9,10,2,11,166,6,15,1,0,4,0,2,1,1,6,-13,13,5,0,1,-13,1,-3,-2,23,5,6,-1,-4,52,-5,5,0,-3,2,0,2,1,1
201,T10,home,34,win,152,572,27,8,17,177,14,8,31,970,7,7,2,14,165,19,9,2,1,2,2,0,0,0,27,10,164,8,2,2,26,-4,3,4,49,4,1,0,2,-5,-8,-2,1,1,0,2,-2,0,0
202,T15,home,21,loss,105,300,25,5,8,122,16,5,22,776,5,2,2,16,98,32,7,2,0,1,0,0,0,0,-5,13,-71,-7,-2,-4,2,1,-4,-2,171,-3,-3,-2,6,-11,7,-5,1,0,-2,0,-6,0,-1
203,T6,away,31,loss,107,350,15,4,8,149,15,4,25,1007,5,8,5,12,134,19,11,3,0,2,0,2,0,1,-19,-6,-57,-4,0,-4,-18,0,-3,-7,31,2,4,5,2,16,4,2,2,0,0,0,0,0,1
204,T12,home,26,loss,117,344,21,6,8,138,10,5,20,806,6,12,1,20,63,12,11,2,0,4,0,1,0,1,-4,49,58,9,1,3,48,-3,2,-1,-136,2,8,-2,7,-101,-10,-6,-2,-1,1,0,-2,0,0
205,T11,home,30,win,103,295,14,3,8,112,4,7,20,1026,6,5,2,7,168,11,13,1,1,2,1,1,0,0,13,-7,12,3,1,2,5,-9,0,6,288,3,-1,1,-9,27,-3,0,-1,1,0,0,-1,0,0
206,T8,away,16,win,92,289,16,3,4,110,8,5,23,722,5,4,2,11,199,21,13,1,0,2,0,4,0,2,6,-73,-102,-5,-3,-5,-77,-5,-1,5,47,2,-5,2,-2,83,5,-1,1,-2,-2,0,2,0,2
207,T9,home,6,loss,90,281,8,1,13,128,13,9,18,740,8,8,3,12,114,11,14,6,0,0,1,2,0,1,-16,-3,-49,-3,-2,6,-8,0,2,-3,-179,0,3,2,-3,7,3,2,3,0,-1,0,0,0,1
208,T7,home,50,win,151,628,32,11,20,206,20,6,19,606,6,5,0,13,88,12,7,3,1,0,1,1,0,0,35,68,348,20,8,13,94,8,-2,0,30,-4,0,-2,7,-55,-20,-7,-2,1,0,1,-1,0,-1
209,T10,home,46,win,147,644,23,9,11,164,13,9,16,368,7,5,1,10,129,15,11,1,2,2,0,1,0,0,28,53,449,8,8,9,45,1,2,2,-149,3,-3,-2,1,-46,-8,1,-2,2,-1,-1,-1,0,-1
210,T7,home,43,win,169,646,37,7,10,225,12,5,23,972,7,7,2,14,66,15,6,1,0,1,0,0,0,0,36,102,379,22,4,2,138,-3,-6,0,124,3,4,-2,5,-91,-21,-6,-2,0,-3,-2,-4,0,-1
211,T1,home,54,win,109,369,21,10,12,151,11,4,27,658,6,2,0,13,122,13,5,0,0,2,0,2,0,0,18,5,-67,8,1,-4,4,-2,1,9,231,1,-2,0,0,-5,-8,-6,-4,0,-1,0,0,0,-1
212,T11,away,17,loss,87,270,13,4,4,145,11,2,20,850,3,8,1,17,103,4,16,4,1,2,3,2,0,1,-12,11,56,9,0,0,52,0,-1,-4,28,-5,4,-3,-1,0,-9,2,2,1,-5,3,0,0,0
213,T7,home,10,loss,150,344,20,5,6,185,10,9,20,657,1,9,1,14,212,23,15,0,0,2,0,4,0,0,-10,3,9,-3,2,-1,33,4,2,-7,-91,-2,2,-1,-2,22,3,4,0,0,0,0,1,0,0
214,T7,home,29,win,155,562,12,3,13,157,15,3,24,1045,5,5,0,17,111,13,13,3,1,3,1,1,0,0,22,68,292,-1,1,8,28,2,-3,4,-64,1,2,-4,4,-64,1,-1,-2,0,0,-1,-3,0,-1
215,T5,home,10,loss,165,391,21,6,9,187,13,6,18,675,3,9,0,13,116,16,14,0,2,4,0,2,0,0,-6,73,102,5,3,5,77,5,1,-5,-47,-2,5,-2,2,-83,-5,1,-1,2,2,0,-2,0,-2
216,T4,away,17,loss,72,257,10,3,10,100,12,4,20,897,6,6,0,17,82,19,13,3,0,3,1,0,0,0,-22,-13,-162,-9,-5,3,12,2,-1,-11,-166,4,1,0,2,16,9,-1,1,0,-1,0,-2,0,-1
217,T14,home,34,win,77,258,12,4,7,98,11,9,19,998,5,2,1,10,183,19,14,1,0,5,0,3,0,0,14,-52,-53,-7,1,3,-63,-3,4,0,83,0,-4,-1,-4,109,7,3,0,0,4,0,-1,0,0
218,T3,home,37,win,71,309,6,3,6,99,9,7,41,1402,8,5,2,13,89,3,8,2,0,1,0,1,0,0,27,-5,184,3,2,4,21,-7,2,5,116,6,1,-2,2,20,-3,-2,-2,0,0,-1,0,0,-1
219,T13,away,18,loss,58,241,16,5,6,78,10,7,24,1056,5,5,3,10,199,21,11,2,0,3,0,2,0,0,-4,-89,-190,-5,1,-14,-66,0,2,-1,121,-2,-8,2,-7,151,5,1,2,0,2,0,1,0,0
220,T4,away,26,loss,82,378,22,8,14,106,16,5,12,574,10,3,2,6,174,19,11,2,0,2,1,5,0,0,-3,-52,65,3,3,7,-40,3,-3,-8,-144,7,-2,1,-5,89,-3,2,0,0,-1,1,1,-1,-1
221,T14,home,51,win,88,305,14,4,8,99,14,8,32,1097,3,4,3,7,115,9,11,3,0,2,0,4,0,0,29,-8,35,5,3,2,-44,2,1,14,397,-3,-9,1,-3,2,-5,0,1,0,0,-1,2,0,-1
222,T8,away,16,loss,119,294,26,1,4,175,14,7,22,974,5,6,3,17,95,11,7,1,1,2,0,2,0,1,-18,37,-119,15,-3,-6,90,5,0,-8,-77,-1,2,1,8,-71,-15,-8,1,1,-5,0,-2,0,0
223,T5,away,21,win,55,178,12,2,2,37,12,5,40,1442,9,3,4,11,138,7,11,3,1,3,1,0,0,1,16,-31,9,5,2,-1,-55,-3,-2,2,47,2,3,3,2,76,-5,4,1,1,0,0,-2,0,0
224,T7,home,35,win,94,319,28,7,3,131,11,5,27,1100,6,1,2,12,206,22,9,1,0,0,1,2,0,1,10,-85,-65,6,5,-18,-107,-1,-1,1,238,3,-4,2,0,103,-6,-1,0,0,-2,0,0,0,0
225,T2,home,7,loss,95,254,20,3,5,138,10,6,30,1252,11,5,0,10,132,27,10,0,0,0,0,0,0,1,-22,-20,-132,-7,-4,-10,-12,-10,3,2,272,4,-1,-3,-2,20,7,4,-1,0,-1,-1,0,0,0
226,T10,away,18,loss,72,261,17,2,2,80,15,6,21,898,6,8,3,8,178,17,15,2,0,5,1,4,0,1,-2,-68,-113,0,-1,-5,-27,3,-3,-10,181,-3,2,-1,-5,103,0,6,2,0,4,1,-1,0,1
227,T6,away,14,loss,99,267,9,2,4,111,8,8,25,877,4,2,2,11,159,25,11,0,1,4,0,0,0,0,-19,-37,-303,-16,-9,-8,-36,-5,4,4,42,0,-4,-1,-5,29,16,-2,-1,0,1,-2,0,0,0
228,T15,home,22,win,142,328,15,7,19,180,17,7,26,912,4,8,4,13,105,14,13,3,2,3,2,0,0,0,3,52,81,1,3,7,64,4,-1,3,14,-1,-2,3,1,-33,-1,3,3,2,-1,2,-1,0,0
229,T2,home,26,loss,128,539,28,8,11,173,17,3,25,988,5,6,0,13,73,16,10,1,1,2,0,0,0,0,-3,38,168,12,5,-2,64,9,-3,-3,-139,0,4,-5,0,-59,-12,-2,1,0,-2,0,-4,0,-2
230,T2,home,69,win,94,575,15,11,15,136,12,5,30,1007,3,1,1,15,114,10,12,1,1,2,2,2,0,0,48,-9,300,5,9,9,6,-1,0,6,229,-3,-5,-1,5,36,-5,5,0,1,2,2,2,0,0
231,T11,away,18,loss,104,249,16,2,4,118,17,5,17,597,9,6,1,9,80,6,13,1,2,4,1,5,0,0,-1,34,110,10,0,2,33,6,1,-7,-125,0,4,0,-4,-58,-10,3,-3,2,3,1,5,0,-1
232,T10,away,12,loss,98,254,19,3,3,133,14,10,18,662,7,10,0,14,140,32,15,1,0,5,0,4,0,2,-20,-30,-194,-13,-5,-6,-50,1,1,-5,36,-2,-1,-3,3,19,13,6,0,0,4,-1,3,0,2
233,T7,away,23,loss,83,168,10,2,4,83,12,4,31,1379,7,0,3,9,62,16,13,2,2,4,0,2,0,2,-5,12,-289,-6,-4,-4,13,-1,3,8,457,2,-3,1,-3,-49,6,-3,-2,2,-1,-1,0,0,1
234,T1,away,22,win,93,330,11,3,7,136,13,7,21,919,8,5,1,15,107,8,12,3,0,1,1,2,0,0,16,3,49,3,2,-6,8,0,-2,3,179,0,-3,-2,3,-7,-3,-2,-3,0,1,0,0,0,-1
235,T11,home,13,win,82,229,8,2,4,109,16,3,26,962,4,6,2,15,147,9,8,1,0,2,0,1,0,1,2,-23,19,-1,1,1,-17,9,-4,-2,-50,-4,1,0,4,56,1,-4,-1,0,-2,-1,-1,0,1
236,T6,home,10,loss,108,288,12,4,9,138,10,2,38,937,9,2,1,9,148,18,13,4,0,3,1,4,0,0,-14,-10,-11,-6,2,-1,29,-7,-3,-4,-168,3,-1,1,0,26,6,8,2,0,2,0,0,0,-1
237,T2,home,39,win,85,419,19,8,7,88,10,5,31,1063,2,5,0,15,66,10,14,2,0,4,1,2,0,1,22,13,162,9,5,-3,-12,-2,1,11,166,-4,-1,0,-2,-16,-9,1,-1,0,1,0,2,0,1
238,T3,home,51,win,120,449,16,8,6,145,9,6,33,1147,7,5,2,14,86,9,5,0,0,0,0,1,0,0,48,33,310,7,6,-6,29,-1,-2,9,311,4,1,-1,3,-44,-7,-8,-4,0,-7,-1,-1,0,-3
239,T7,away,13,loss,78,187,11,1,11,90,12,6,27,835,5,5,2,17,87,25,18,5,3,1,1,1,0,2,-7,-2,-85,-14,-3,3,-28,1,2,5,-34,-1,4,-1,4,1,14,6,4,1,-3,1,-2,0,2
240,T15,away,36,loss,104,436,13,9,16,147,13,3,18,427,5,4,0,13,127,21,11,4,0,3,0,2,0,1,-18,-5,67,-8,-1,4,-4,2,-1,-9,-231,-1,2,0,0,5,8,6,4,0,1,0,0,0,1
241,T9,home,32,win,109,338,14,5,13,126,13,9,21,758,9,2,5,6,132,18,6,2,0,1,1,1,0,0,4,-2,-83,-4,3,9,-38,-1,2,1,63,2,-4,2,-2,-2,4,-3,1,-1,0,1,1,0,-1
242,T1,home,23,win,64,214,10,3,5,73,12,10,24,910,6,5,0,12,154,16,9,3,0,1,1,1,0,1,4,-54,-178,-6,0,-1,-53,-1,3,-2,196,-1,-2,0,-2,90,6,-4,0,0,-3,0,-1,0,1
243,T5,away,9,loss,100,418,14,2,11,135,13,3,26,1016,6,9,2,15,93,9,6,0,1,1,0,0,0,1,-6,13,174,5,-2,1,37,4,-5,-7,-492,1,6,1,6,-12,-5,-1,0,1,0,0,-3,0,1
244,T7,home,21,win,141,474,17,6,19,220,16,8,23,1056,5,7,1,16,127,23,13,3,1,1,0,3,0,0,8,30,65,-6,2,13,104,-2,-2,1,19,0,3,0,2,-17,6,4,1,1,-1,-1,-1,0,0
245,T14,home,19,loss,112,261,8,1,6,137,12,3,26,974,5,4,1,4,191,7,8,0,0,4,0,5,0,0,-15,-22,-67,1,-2,0,-61,6,-3,-3,-279,0,2,0,-8,37,-1,-3,0,0,-2,0,1,0,0
246,T11,home,33,win,136,570,25,11,12,147,13,4,21,835,4,6,3,16,130,9,13,1,1,3,2,0,0,0,19,37,303,16,9,8,36,5,-4,-4,-42,0,4,1,5,-29,-16,2,1,0,-1,2,0,0,0
247,T6,home,18,loss,88,240,16,2,6,112,14,6,19,899,6,6,1,16,85,10,11,1,0,3,0,2,1,0,-1,-5,-102,6,-2,1,-4,8,-4,-5,134,2,2,0,8,-18,-6,-3,-3,0,1,-1,2,0,0
248,T7,away,13,loss,147,257,9,2,3,137,10,5,42,1607,5,3,4,10,133,12,11,1,2,2,2,1,0,0,-5,48,-5,-3,0,-2,39,2,-1,1,106,-2,-3,1,0,-78,3,2,1,2,-3,1,-2,0,0
249,T13,away,26,win,92,371,32,7,12,120,15,9,24,605,8,5,4,10,109,25,12,1,0,3,0,6,0,1,5,-13,71,7,2,4,-2,-1,4,2,-171,3,3,2,-6,11,-7,5,-1,0,2,0,6,0,1
250,T10,home,22,win,94,354,13,8,8,122,11,8,20,778,7,8,1,16,137,22,11,3,0,1,2,2,0,0,2,-18,-35,-9,3,-1,-47,-4,4,0,119,-4,5,-4,3,19,9,2,1,-1,1,2,1,0,0
251,T14,away,34,win,92,319,20,4,10,115,9,5,19,743,5,5,1,13,125,16,11,3,0,1,0,1,0,0,17,-4,124,4,0,5,8,-1,1,0,196,-3,2,-1,2,19,-4,1,0,0,-2,-1,0,0,0
252,T9,away,19,win,93,342,10,4,5,116,6,10,24,765,4,4,1,8,103,16,14,4,0,2,1,0,1,0,1,5,102,-6,2,-1,4,-8,4,5,-134,-2,-2,0,-8,18,6,3,3,0,-1,1,-2,0,0
253,T3,away,17,loss,80,311,17,4,4,103,10,4,17,560,5,4,2,9,148,10,17,2,0,2,0,2,0,1,-25,-53,-89,7,-2,-13,-53,-2,0,-3,-248,1,-2,1,-8,44,-7,9,2,-1,2,-1,-1,0,1
254,T7,away,61,win,155,584,23,9,11,228,10,7,24,1169,4,4,2,17,83,7,9,1,0,4,0,0,0,0,44,82,242,16,6,6,154,-1,0,1,284,-1,2,1,8,-102,-16,-6,-1,0,-1,-1,-3,0,0
255,T12,home,57,win,126,675,30,12,21,123,14,5,19,832,5,4,2,10,97,12,8,2,0,0,1,3,0,0,45,34,406,18,11,12,-12,2,-3,4,116,-4,1,-2,-1,-21,-18,-4,-1,0,-3,1,0,0,-1
256,T1,home,19,win,77,140,8,1,5,93,6,10,25,830,9,10,1,7,233,18,12,0,0,3,0,4,0,1,6,-104,-292,-10,-2,-12,-126,-6,5,4,238,7,-2,0,-11,137,10,-1,-5,0,2,-1,1,0,1
257,T6,home,0,loss,121,220,10,0,5,161,15,9,33,1064,8,6,5,9,126,10,16,5,0,1,1,3,0,1,-12,26,-50,0,-1,-2,72,4,3,5,-135,-1,-2,-5,0,-14,0,9,4,0,1,0,3,0,1
258,T13,away,22,draw,67,176,16,3,9,91,12,5,17,553,4,5,2,11,57,12,18,5,2,6,1,3,0,1,0,4,-75,4,-1,3,29,0,3,-5,-5,-3,1,1,1,-17,-5,3,4,2,1,1,0,0,-3
259,T12,away,34,win,93,335,15,3,13,86,12,6,29,800,7,6,0,16,79,7,17,4,0,5,2,1,0,1,24,23,210,8,3,9,-16,-2,0,8,-240,0,1,-3,-1,-6,-8,5,3,-2,3,1,-2,0,1
260,T9,home,33,win,149,518,23,9,61,183,16,7,26,1000,8,3,0,10,72,23,13,4,0,4,1,3,0,1,12,61,188,0,4,19,76,-1,-1,7,137,3,-2,-4,-5,-59,0,4,4,0,2,1,0,0,-1
261,T10,home,22,loss,147,424,20,5,14,163,18,6,16,620,5,8,0,14,151,24,11,3,0,2,1,4,0,0,-13,25,69,-4,0,8,27,5,-3,-9,-96,-3,4,-2,7,-30,4,-3,1,0,-2,1,-1,0,-1
262,T11,home,35,win,121,426,15,7,24,155,11,5,22,669,6,4,2,11,97,4,13,2,1,3,0,4,0,1,11,44,204,11,7,19,70,-4,-3,4,-44,1,1,-4,-1,-19,-11,3,1,1,0,0,0,0,0
263,T2,away,39,win,93,434,25,7,13,109,15,12,28,1000,3,4,5,11,119,9,14,5,1,1,3,1,0,0,25,-5,10,16,5,6,-15,1,5,10,190,-2,-3,-1,1,35,-16,-2,4,0,-1,2,-2,0,-1
264,T16,away,9,loss,64,205,4,0,6,75,13,5,17,821,11,5,2,11,85,20,7,2,0,3,1,2,0,0,-4,-31,-181,-16,-6,-5,-50,1,0,-7,148,1,0,2,2,12,16,-8,-6,0,1,-1,-1,0,0
265,T10,home,8,loss,90,241,7,2,7,135,18,5,21,844,8,3,2,9,138,35,12,7,0,3,2,1,1,0,-37,-31,-291,-28,-8,-4,8,5,-1,-1,-335,-2,-1,-3,-3,32,28,4,5,0,1,1,0,1,-1
266,T5,away,30,win,154,420,25,7,11,209,13,11,28,794,4,4,2,19,127,17,7,1,1,3,2,1,0,0,16,54,130,8,3,8,55,-3,7,9,235,-1,-7,2,12,-70,-8,-10,-2,-2,3,1,-1,0,0
267,T4,home,17,loss,96,195,16,4,5,107,10,4,19,547,8,3,2,11,106,20,10,3,0,3,1,1,0,0,-17,4,-124,-4,0,-5,-8,1,-1,0,-196,3,-2,1,-2,-19,4,-1,0,0,2,1,0,0,0
268,T8,home,32,win,128,448,32,8,9,183,13,9,23,626,9,11,3,11,121,19,9,1,0,1,1,1,0,0,20,30,194,13,5,6,50,-1,-1,5,-36,2,1,3,-3,-19,-13,-6,0,0,-4,1,-3,0,-2
269,T4,away,7,loss,67,267,15,3,8,87,15,11,23,848,4,3,4,9,157,36,12,3,0,4,2,4,0,1,-36,-102,-379,-22,-4,-2,-138,3,6,0,-124,-3,-4,2,-5,91,21,6,2,0,3,2,4,0,1
270,T12,home,22,loss,133,432,22,7,20,147,17,8,10,384,3,5,2,10,47,15,12,2,0,4,0,1,1,0,-7,79,193,7,5,15,76,9,0,-10,-369,-4,-4,-1,-6,-93,-7,-2,2,0,-1,0,-1,0,-1
271,T10,away,21,loss,92,240,9,2,11,118,11,6,19,779,5,5,1,12,118,23,8,2,0,2,0,2,0,1,-20,-14,-149,-14,-5,2,1,1,-1,-8,-91,1,1,0,0,27,14,-6,0,0,0,-1,-1,0,1
272,T16,away,10,loss,76,125,3,1,2,78,16,5,36,1286,2,4,4,11,69,6,10,4,0,1,1,1,0,1,-27,5,-184,-3,-2,-4,-21,7,-2,-5,-116,-6,-1,2,-2,-20,3,2,2,0,0,1,0,0,1
273,T12,home,34,win,82,413,11,4,10,85,9,7,30,1051,6,4,2,9,166,26,15,0,0,7,0,4,0,1,18,-37,119,-15,3,6,-90,-5,0,8,77,1,-2,-1,-8,71,15,8,-1,-1,5,0,2,0,0
274,T16,home,45,win,128,623,28,9,22,174,16,5,20,786,6,5,0,9,113,13,7,2,1,2,1,1,0,0,30,31,319,15,4,16,29,3,-3,0,33,1,-2,-1,3,-34,-15,1,-3,1,1,1,1,0,0
275,T2,away,29,loss,55,216,12,3,6,77,12,8,19,700,0,5,1,11,144,9,14,3,1,5,1,1,1,0,-17,-90,-177,3,-1,-9,-79,0,3,4,26,-4,-5,0,-3,99,-3,1,1,-1,1,1,0,1,0
276,T14,home,42,win,133,400,10,6,17,156,12,4,20,808,4,6,1,17,104,17,8,0,1,0,1,3,0,0,25,53,89,-7,2,13,53,2,0,3,248,-1,2,-1,8,-44,7,-9,-2,1,-2,1,1,0,-1
277,T15,home,34,win,96,330,14,6,5,113,12,9,46,1673,7,4,2,10,157,14,8,0,0,6,0,3,0,0,6,-52,-128,0,0,-5,-72,-4,5,12,407,2,-1,0,-8,74,0,-1,-2,0,4,-1,3,0,0
278,T14,away,21,loss,142,304,9,1,23,169,10,7,18,667,4,8,1,9,99,16,12,3,0,2,0,1,0,0,-2,54,19,-7,-4,15,50,-1,-1,-2,-328,0,1,-1,-4,-48,7,6,1,0,1,0,1,0,0
279,T14,away,24,win,99,298,8,2,7,133,8,6,29,1000,4,7,2,11,129,14,13,2,1,3,0,2,0,1,7,-22,-23,-6,0,-3,-68,0,2,7,35,0,-3,-1,-5,17,6,0,1,0,1,0,1,0,1
280,T1,away,18,loss,94,195,15,1,2,119,12,7,14,517,4,8,3,9,175,23,10,3,0,3,1,2,0,1,-28,-53,-449,-8,-8,-9,-45,-1,-2,-2,149,-3,3,2,-1,46,8,-1,2,-2,1,1,1,0,1
281,T11,away,11,loss,127,361,17,3,10,180,13,6,14,541,2,6,0,11,133,18,13,1,0,4,0,2,0,1,-17,23,-28,-1,-4,2,56,8,-3,-15,-247,-1,2,0,-1,-34,1,2,0,-1,2,-1,-1,0,1
282,T16,away,21,win,94,489,20,6,8,125,21,7,14,600,8,4,0,13,87,11,11,2,0,1,0,2,0,0,10,-5,23,9,1,-6,-53,5,-6,-6,-131,0,-4,-1,-1,-17,-9,-1,-1,0,-1,-1,2,0,0
283,T3,home,41,win,106,389,23,7,9,117,10,7,27,870,4,4,1,12,91,9,14,2,0,2,1,3,0,0,20,14,149,14,5,-2,-1,-1,1,8,91,-1,-1,0,0,-27,-14,6,0,0,0,1,1,0,-1
284,T11,home,13,win,95,386,20,6,11,125,12,5,24,673,10,5,0,9,73,4,15,8,0,2,2,3,0,0,4,31,181,16,6,5,50,-1,0,7,-148,-1,0,-2,-2,-12,-16,8,6,0,-1,1,1,0,0
285,T15,away,38,win,75,327,10,9,9,112,13,6,20,753,6,4,3,12,199,16,13,1,0,5,0,4,0,1,19,-77,-4,-6,6,-3,-77,-1,4,1,-45,-3,0,2,-1,106,6,6,-1,0,5,0,4,0,1
286,T1,home,18,win,96,164,16,2,4,96,6,5,25,1205,9,11,4,10,72,10,11,1,1,3,0,2,0,0,8,19,-75,6,2,-2,-22,-10,-3,-3,264,6,9,3,-4,-47,-6,-3,-4,1,0,-1,-1,0,0
287,T9,home,31,win,93,294,9,5,4,87,9,7,15,697,7,8,0,14,175,20,14,1,0,2,0,1,1,1,2,-55,-128,-11,0,-5,-102,-3,-4,2,124,3,0,0,0,55,11,-4,-5,0,-1,-1,-1,1,1
288,T2,home,19,win,70,139,6,2,2,85,11,4,24,722,9,2,1,13,138,16,10,4,0,1,0,0,0,1,1,-34,-110,-10,0,-2,-33,-6,-1,7,125,0,-4,0,4,58,10,-3,3,-2,-3,-1,-5,0,1
